{"acc": [0.32599533, 0.4401059, 0.48483053, 0.5197325, 0.5401094, 0.5571075, 0.5721899, 0.5923578, 0.6052806, 0.6222439, 0.63405204, 0.64871645, 0.6617785, 0.6820161, 0.6940332, 0.71315616, 0.7267059, 0.74182314, 0.74931204, 0.76509106, 0.7806263, 0.7857118, 0.7985649, 0.81110454, 0.8197778, 0.8309938, 0.83043647, 0.84060746, 0.8476436, 0.8528336, 0.8593821, 0.8635271, 0.8679508, 0.87603194, 0.8762409, 0.8818489, 0.88658607, 0.89135814, 0.89195025, 0.8952245, 0.90145946, 0.8986032, 0.89978755, 0.9085304, 0.90835625, 0.911526, 0.9101675, 0.91302377, 0.9158452, 0.9203386], "loss": [1.696198995681661, 1.4554949932542853, 1.3404252781647574, 1.2587267040786974, 1.1997153251214048, 1.1545162096662687, 1.1154528046988026, 1.0734545832754256, 1.0300326271861684, 1.001340776668405, 0.9590191476010965, 0.9250576008806625, 0.8914078667584978, 0.8387563689972748, 0.8034750725903346, 0.7646856924563126, 0.725950008516771, 0.6856215102549087, 0.6621776888614588, 0.6220320809879474, 0.5901696360004521, 0.5718920997655804, 0.5377740225924308, 0.5112129478204785, 0.4881119835696054, 0.46807505641159974, 0.45717814228677456, 0.4332979172099666, 0.41252335687927527, 0.39834820971750884, 0.3846358752615246, 0.37367811527383077, 0.36217644546276856, 0.35008558421458164, 0.3411034162851572, 0.3320593728531972, 0.31578009182146016, 0.30567116004313094, 0.30427425045915446, 0.29048720329689537, 0.2794802476832301, 0.2894309091865508, 0.28367175936092676, 0.25521022841251817, 0.25621918179378966, 0.25177020162396924, 0.25853753724173445, 0.24868126797108878, 0.2353850330347352, 0.2287481522156513], "val_acc": [0.38367233, 0.47060463, 0.4923377, 0.5238228, 0.5475063, 0.5614377, 0.54917806, 0.55865145, 0.584564, 0.5851212, 0.5795486, 0.58651435, 0.57899135, 0.5887434, 0.6037893, 0.58902204, 0.6037893, 0.5973809, 0.5996099, 0.59236556, 0.59682363, 0.6032321, 0.59905267, 0.6004458, 0.6088047, 0.6032321, 0.61437726, 0.6004458, 0.6082474, 0.606297, 0.6196712, 0.60601836, 0.59988856, 0.6107551, 0.60601836, 0.60601836, 0.61437726, 0.60769016, 0.60100305, 0.6118696, 0.60852605, 0.6032321, 0.60964054, 0.60601836, 0.6054611, 0.6140986, 0.5973809, 0.6054611, 0.6071329, 0.60267484], "val_loss": [1.6290076172893244, 1.3826976947114806, 1.3186864040461912, 1.245359701909671, 1.1987885749250375, 1.163831810045787, 1.1903431101674389, 1.1874311259112407, 1.1246421868570604, 1.141324542448294, 1.1712778635960364, 1.1648438293377845, 1.2073002647111328, 1.182489619211222, 1.1737195224474983, 1.191676181915179, 1.2218079509327224, 1.2532622757048353, 1.238948963651022, 1.2923097651328308, 1.3123275292354828, 1.3423999724663145, 1.34724991993839, 1.4024610920316432, 1.3604625025377461, 1.4238755559814975, 1.4551494662958986, 1.5779819242733042, 1.456033383946327, 1.56804265174885, 1.5621957518523635, 1.5997227896352637, 1.6298282982147847, 1.627664906437532, 1.677134477517571, 1.6606385760003062, 1.668628515922183, 1.6912576780242154, 1.6702089992596532, 1.7320004843609285, 1.714370463212641, 1.72129702893563, 1.7993297978808003, 1.8154717163310206, 1.8255208931649485, 1.8957199454660467, 1.8485297048679796, 1.7986520253439473, 1.9059354660404064, 1.9412187391850038]}